Nome_IMG;Latitude;;;Lat_decimal;Longitude;;;Lon_decimal;Alt (m);X (m);Y (m);Z (m);Roll;Pitch;Yaw;
DJI_0186.JPG;22;32;51.642 ;22.54767833 ;46;56;36.499 ;46.94347194 ;100.4 ;-1.204 ;-9.167 ;0.4;0.0 ;-90.0 ;-174.0;
DJI_0187.JPG;22;32;51.939 ;22.54776083 ;46;56;36.538 ;46.94348278 ;100.5 ;0.000 ;0.000 ;0.5;0.0 ;-90.0 ;-170.8;
DJI_0188.JPG;22;32;52.882 ;22.54802278 ;46;56;36.682 ;46.94352278 ;100.5 ;4.445 ;29.107 ;0.5;0.0 ;-90.0 ;-170.5;
DJI_0189.JPG;22;32;53.851 ;22.54829194 ;46;56;36.833 ;46.94356472 ;100.3 ;9.106 ;59.017 ;0.3;0.0 ;-90.0 ;-170.5;
DJI_0190.JPG;22;32;54.873 ;22.54857583 ;46;56;36.988 ;46.94360778 ;100.4 ;13.890 ;90.563 ;0.4;0.0 ;-90.0 ;-170.4;
DJI_0191.JPG;22;32;55.926 ;22.54886833 ;46;56;37.146 ;46.94365167 ;100.4 ;18.767 ;123.065 ;0.4;0.0 ;-89.9 ;-170.4;
DJI_0192.JPG;22;32;56.630 ;22.54906389 ;46;56;37.252 ;46.94368111 ;100.4 ;22.039 ;144.796 ;0.4;0.0 ;-90.0 ;-170.3;
DJI_0193.JPG;22;32;57.687 ;22.54935750 ;46;56;37.411 ;46.94372528 ;100.3 ;26.947 ;177.422 ;0.3;0.0 ;-90.0 ;-170.3;
DJI_0194.JPG;22;32;58.806 ;22.54966833 ;46;56;37.587 ;46.94377417 ;100.4 ;32.379 ;211.961 ;0.4;0.0 ;-90.0 ;-170.4;
DJI_0195.JPG;22;32;59.479 ;22.54985528 ;46;56;37.686 ;46.94380167 ;100.3 ;35.435 ;232.735 ;0.3;0.0 ;-90.0 ;-170.3;
DJI_0196.JPG;22;33;0.470 ;22.55013056 ;46;56;37.840 ;46.94384444 ;100.3 ;40.188 ;263.324 ;0.3;0.0 ;-90.0 ;-170.4;
DJI_0197.JPG;22;33;1.518 ;22.55042167 ;46;56;38.000 ;46.94388889 ;100.4 ;45.127 ;295.672 ;0.4;0.0 ;-90.0 ;-170.4;
DJI_0198.JPG;22;33;2.577 ;22.55071583 ;46;56;38.157 ;46.94393250 ;100.4 ;49.973 ;328.360 ;0.4;0.0 ;-90.0 ;-170.3;
DJI_0199.JPG;22;33;3.281 ;22.55091139 ;46;56;38.265 ;46.94396250 ;100.1 ;53.307 ;350.090 ;0.1;0.0 ;-90.0 ;-170.3;
DJI_0200.JPG;22;33;4.336 ;22.55120444 ;46;56;38.426 ;46.94400722 ;100.1 ;58.276 ;382.654 ;0.1;0.0 ;-90.0 ;-170.2;
DJI_0201.JPG;22;33;5.391 ;22.55149750 ;46;56;38.589 ;46.94405250 ;100.1 ;63.308 ;415.218 ;0.1;0.0 ;-90.0 ;-170.2;
DJI_0202.JPG;22;33;6.449 ;22.55179139 ;46;56;38.748 ;46.94409667 ;100.1 ;68.215 ;447.875 ;0.1;0.0 ;-90.0 ;-170.2;
DJI_0203.JPG;22;33;7.194 ;22.55199833 ;46;56;38.857 ;46.94412694 ;100.1 ;71.580 ;470.871 ;0.1;0.0 ;-90.0 ;-170.2;
DJI_0204.JPG;22;33;8.310 ;22.55230833 ;46;56;39.033 ;46.94417583 ;100.1 ;77.012 ;505.318 ;0.1;0.0 ;-90.0 ;-170.6;
DJI_0205.JPG;22;33;9.336 ;22.55259333 ;46;56;39.190 ;46.94421944 ;99.8 ;81.858 ;536.987 ;-0.2;0.0 ;-90.0 ;-170.2;
DJI_0206.JPG;22;33;10.101 ;22.55280583 ;46;56;39.306 ;46.94425167 ;99.9 ;85.439 ;560.600 ;-0.1;0.0 ;-90.0 ;-170.2;
DJI_0207.JPG;22;33;11.123 ;22.55308972 ;46;56;39.461 ;46.94429472 ;99.9 ;90.223 ;592.146 ;-0.1;0.0 ;-90.0 ;-170.2;
DJI_0208.JPG;22;33;12.118 ;22.55336611 ;46;56;39.610 ;46.94433611 ;100.0 ;94.822 ;622.858 ;0;0.0 ;-90.0 ;-170.2;
DJI_0209.JPG;22;33;12.710 ;22.55353056 ;46;56;39.710 ;46.94436389 ;99.7 ;97.909 ;641.132 ;-0.3;0.0 ;-90.0 ;-170.6;
DJI_0210.JPG;22;33;12.693 ;22.55352583 ;46;56;39.800 ;46.94438889 ;99.8 ;100.687 ;640.607 ;-0.2;0.0 ;-90.0 ;-170.8;
DJI_0211.JPG;22;33;12.586 ;22.55349611 ;46;56;40.658 ;46.94462722 ;99.9 ;127.171 ;637.304 ;-0.1;0.0 ;-90.0 ;-171.1;
DJI_0212.JPG;22;33;12.453 ;22.55345917 ;46;56;41.662 ;46.94490611 ;99.8 ;158.161 ;633.199 ;-0.2;0.0 ;-90.0 ;-170.9;
DJI_0213.JPG;22;33;12.399 ;22.55344417 ;46;56;41.864 ;46.94496222 ;99.6 ;164.396 ;631.532 ;-0.4;0.0 ;-90.0 ;-170.7;
DJI_0214.JPG;22;33;11.844 ;22.55329000 ;46;56;41.736 ;46.94492667 ;99.9 ;160.445 ;614.401 ;-0.1;0.0 ;-90.0 ;-170.7;
DJI_0215.JPG;22;33;10.880 ;22.55302222 ;46;56;41.593 ;46.94488694 ;99.9 ;156.031 ;584.646 ;-0.1;0.0 ;-90.0 ;-170.7;
DJI_0216.JPG;22;33;10.263 ;22.55285083 ;46;56;41.493 ;46.94485917 ;99.9 ;152.944 ;565.601 ;-0.1;0.0 ;-90.0 ;-170.9;
DJI_0217.JPG;22;33;9.233 ;22.55256472 ;46;56;41.340 ;46.94481667 ;100.1 ;148.222 ;533.808 ;0.1;0.0 ;-90.0 ;-170.9;
DJI_0218.JPG;22;33;8.238 ;22.55228833 ;46;56;41.188 ;46.94477444 ;100.1 ;143.530 ;503.096 ;0.1;0.0 ;-90.0 ;-171.0;
DJI_0219.JPG;22;33;7.192 ;22.55199778 ;46;56;41.031 ;46.94473083 ;100.0 ;138.684 ;470.809 ;0;0.0 ;-90.0 ;-171.0;
DJI_0220.JPG;22;33;6.137 ;22.55170472 ;46;56;40.868 ;46.94468556 ;99.9 ;133.653 ;438.245 ;-0.1;0.0 ;-90.0 ;-171.1;
DJI_0221.JPG;22;33;5.465 ;22.55151806 ;46;56;40.769 ;46.94465806 ;99.9 ;130.597 ;417.503 ;-0.1;0.0 ;-90.0 ;-171.0;
DJI_0222.JPG;22;33;4.467 ;22.55124083 ;46;56;40.613 ;46.94461472 ;99.9 ;125.782 ;386.698 ;-0.1;0.0 ;-90.0 ;-171.1;
DJI_0223.JPG;22;33;3.445 ;22.55095694 ;46;56;40.459 ;46.94457194 ;99.8 ;121.028 ;355.152 ;-0.2;0.0 ;-90.0 ;-171.1;
DJI_0224.JPG;22;33;2.388 ;22.55066333 ;46;56;40.300 ;46.94452778 ;99.8 ;116.120 ;322.526 ;-0.2;0.0 ;-90.0 ;-171.1;
DJI_0225.JPG;22;33;1.395 ;22.55038750 ;46;56;40.151 ;46.94448639 ;99.9 ;111.521 ;291.875 ;-0.1;0.0 ;-90.0 ;-171.1;
DJI_0226.JPG;22;33;0.401 ;22.55011139 ;46;56;40.001 ;46.94444472 ;99.9 ;106.891 ;261.194 ;-0.1;0.0 ;-90.0 ;-171.1;
DJI_0227.JPG;22;32;59.441 ;22.54984472 ;46;56;39.854 ;46.94440389 ;99.9 ;102.354 ;231.562 ;-0.1;0.0 ;-90.0 ;-171.0;
DJI_0228.JPG;22;32;58.452 ;22.54957000 ;46;56;39.706 ;46.94436278 ;100.0 ;97.786 ;201.035 ;0;0.0 ;-90.0 ;-171.0;
DJI_0229.JPG;22;32;57.782 ;22.54938389 ;46;56;39.602 ;46.94433389 ;99.9 ;94.575 ;180.354 ;-0.1;0.0 ;-90.0 ;-171.0;
DJI_0230.JPG;22;32;56.717 ;22.54908806 ;46;56;39.439 ;46.94428861 ;99.9 ;89.544 ;147.481 ;-0.1;0.0 ;-90.0 ;-171.0;
DJI_0231.JPG;22;32;55.761 ;22.54882250 ;46;56;39.294 ;46.94424833 ;99.8 ;85.069 ;117.972 ;-0.2;0.0 ;-90.0 ;-171.0;
DJI_0232.JPG;22;32;54.704 ;22.54852889 ;46;56;39.136 ;46.94420444 ;99.8 ;80.192 ;85.346 ;-0.2;0.0 ;-90.0 ;-171.0;
DJI_0233.JPG;22;32;53.709 ;22.54825250 ;46;56;38.981 ;46.94416139 ;100.0 ;75.407 ;54.634 ;0;0.0 ;-90.0 ;-170.9;
DJI_0234.JPG;22;32;52.750 ;22.54798611 ;46;56;38.837 ;46.94412139 ;100.0 ;70.962 ;25.033 ;0;0.0 ;-90.0 ;-170.9;
DJI_0235.JPG;22;32;52.112 ;22.54780889 ;46;56;38.740 ;46.94409444 ;100.0 ;67.968 ;5.340 ;0;0.0 ;-90.0 ;-170.9;
DJI_0236.JPG;22;32;51.335 ;22.54759306 ;46;56;38.612 ;46.94405889 ;99.9 ;64.017 ;-18.643 ;-0.1;0.0 ;-90.0 ;-171.1;
DJI_0237.JPG;;;;0.00000000 ;;;;0.00000000 ;;-5216359.806 ;-2505507.184 ;-100;0.0 ;-90.0 ;-170.7;
DJI_0238.JPG;;;;0.00000000 ;;;;0.00000000 ;;-5216359.806 ;-2505507.184 ;-100;0.0 ;-90.0 ;-170.9;
DJI_0239.JPG;;;;0.00000000 ;;;;0.00000000 ;;-5216359.806 ;-2505507.184 ;-100;0.0 ;-90.0 ;-170.9;
DJI_0240.JPG;;;;0.00000000 ;;;;0.00000000 ;;-5216359.806 ;-2505507.184 ;-100;0.0 ;-90.0 ;-171.2;
DJI_0241.JPG;;;;0.00000000 ;;;;0.00000000 ;;-5216359.806 ;-2505507.184 ;-100;0.0 ;-90.0 ;-171.2;
DJI_0242.JPG;;;;0.00000000 ;;;;0.00000000 ;;-5216359.806 ;-2505507.184 ;-100;0.0 ;-90.0 ;-171.1;
DJI_0243.JPG;;;;0.00000000 ;;;;0.00000000 ;;-5216359.806 ;-2505507.184 ;-100;0.0 ;-90.0 ;-171.0;
DJI_0244.JPG;;;;0.00000000 ;;;;0.00000000 ;;-5216359.806 ;-2505507.184 ;-100;0.0 ;-90.0 ;-171.0;
DJI_0245.JPG;;;;0.00000000 ;;;;0.00000000 ;;-5216359.806 ;-2505507.184 ;-100;0.0 ;-90.0 ;-171.0;
DJI_0246.JPG;;;;0.00000000 ;;;;0.00000000 ;;-5216359.806 ;-2505507.184 ;-100;0.0 ;-90.0 ;-171.0;
DJI_0247.JPG;;;;0.00000000 ;;;;0.00000000 ;;-5216359.806 ;-2505507.184 ;-100;0.0 ;-89.9 ;-170.9;
DJI_0248.JPG;;;;0.00000000 ;;;;0.00000000 ;;-5216359.806 ;-2505507.184 ;-100;0.0 ;-90.0 ;-170.9;
DJI_0249.JPG;;;;0.00000000 ;;;;0.00000000 ;;-5216359.806 ;-2505507.184 ;-100;0.0 ;-90.0 ;-170.9;
DJI_0250.JPG;;;;0.00000000 ;;;;0.00000000 ;;-5216359.806 ;-2505507.184 ;-100;0.0 ;-90.0 ;-170.9;
DJI_0251.JPG;;;;0.00000000 ;;;;0.00000000 ;;-5216359.806 ;-2505507.184 ;-100;0.0 ;-90.0 ;-170.9;
DJI_0252.JPG;;;;0.00000000 ;;;;0.00000000 ;;-5216359.806 ;-2505507.184 ;-100;0.0 ;-90.0 ;-170.9;
DJI_0253.JPG;;;;0.00000000 ;;;;0.00000000 ;;-5216359.806 ;-2505507.184 ;-100;0.0 ;-90.0 ;-170.8;
DJI_0254.JPG;;;;0.00000000 ;;;;0.00000000 ;;-5216359.806 ;-2505507.184 ;-100;0.0 ;-90.0 ;-170.8;
DJI_0255.JPG;;;;0.00000000 ;;;;0.00000000 ;;-5216359.806 ;-2505507.184 ;-100;0.0 ;-90.0 ;-170.8;
DJI_0256.JPG;;;;0.00000000 ;;;;0.00000000 ;;-5216359.806 ;-2505507.184 ;-100;0.0 ;-90.0 ;-170.8;
DJI_0257.JPG;;;;0.00000000 ;;;;0.00000000 ;;-5216359.806 ;-2505507.184 ;-100;0.0 ;-90.0 ;-170.8;
DJI_0258.JPG;;;;0.00000000 ;;;;0.00000000 ;;-5216359.806 ;-2505507.184 ;-100;0.0 ;-90.0 ;-170.8;
DJI_0259.JPG;;;;0.00000000 ;;;;0.00000000 ;;-5216359.806 ;-2505507.184 ;-100;0.0 ;-90.0 ;-170.8;
DJI_0260.JPG;;;;0.00000000 ;;;;0.00000000 ;;-5216359.806 ;-2505507.184 ;-100;0.0 ;-90.0 ;-170.8;
DJI_0261.JPG;;;;0.00000000 ;;;;0.00000000 ;;-5216359.806 ;-2505507.184 ;-100;0.0 ;-90.0 ;-170.7;
DJI_0262.JPG;;;;0.00000000 ;;;;0.00000000 ;;-5216359.806 ;-2505507.184 ;-100;0.0 ;-90.0 ;-170.8;
DJI_0263.JPG;;;;0.00000000 ;;;;0.00000000 ;;-5216359.806 ;-2505507.184 ;-100;0.0 ;-90.0 ;-171.8;
DJI_0264.JPG;;;;0.00000000 ;;;;0.00000000 ;;-5216359.806 ;-2505507.184 ;-100;0.0 ;-90.0 ;-171.5;
DJI_0265.JPG;;;;0.00000000 ;;;;0.00000000 ;;-5216359.806 ;-2505507.184 ;-100;0.0 ;-90.0 ;-171.4;
DJI_0266.JPG;;;;0.00000000 ;;;;0.00000000 ;;-5216359.806 ;-2505507.184 ;-100;0.0 ;-90.0 ;-170.7;
DJI_0267.JPG;;;;0.00000000 ;;;;0.00000000 ;;-5216359.806 ;-2505507.184 ;-100;0.0 ;-90.0 ;-170.9;
DJI_0268.JPG;;;;0.00000000 ;;;;0.00000000 ;;-5216359.806 ;-2505507.184 ;-100;0.0 ;-90.0 ;-171.3;
DJI_0269.JPG;;;;0.00000000 ;;;;0.00000000 ;;-5216359.806 ;-2505507.184 ;-100;0.0 ;-90.0 ;-171.3;
DJI_0270.JPG;;;;0.00000000 ;;;;0.00000000 ;;-5216359.806 ;-2505507.184 ;-100;0.0 ;-90.0 ;-171.3;
DJI_0271.JPG;;;;0.00000000 ;;;;0.00000000 ;;-5216359.806 ;-2505507.184 ;-100;0.0 ;-90.0 ;-171.3;
DJI_0272.JPG;;;;0.00000000 ;;;;0.00000000 ;;-5216359.806 ;-2505507.184 ;-100;0.0 ;-90.0 ;-171.2;
DJI_0273.JPG;;;;0.00000000 ;;;;0.00000000 ;;-5216359.806 ;-2505507.184 ;-100;0.0 ;-90.0 ;-171.2;
DJI_0274.JPG;;;;0.00000000 ;;;;0.00000000 ;;-5216359.806 ;-2505507.184 ;-100;0.0 ;-90.0 ;-171.2;
DJI_0275.JPG;;;;0.00000000 ;;;;0.00000000 ;;-5216359.806 ;-2505507.184 ;-100;0.0 ;-90.0 ;-171.1;
DJI_0276.JPG;;;;0.00000000 ;;;;0.00000000 ;;-5216359.806 ;-2505507.184 ;-100;0.0 ;-90.0 ;-171.1;
DJI_0277.JPG;;;;0.00000000 ;;;;0.00000000 ;;-5216359.806 ;-2505507.184 ;-100;0.0 ;-90.0 ;-171.1;
DJI_0278.JPG;;;;0.00000000 ;;;;0.00000000 ;;-5216359.806 ;-2505507.184 ;-100;0.0 ;-90.0 ;-171.1;
DJI_0279.JPG;;;;0.00000000 ;;;;0.00000000 ;;-5216359.806 ;-2505507.184 ;-100;0.0 ;-90.0 ;-171.0;
DJI_0280.JPG;;;;0.00000000 ;;;;0.00000000 ;;-5216359.806 ;-2505507.184 ;-100;0.0 ;-90.0 ;-171.0;
DJI_0281.JPG;;;;0.00000000 ;;;;0.00000000 ;;-5216359.806 ;-2505507.184 ;-100;0.0 ;-90.0 ;-171.0;
DJI_0282.JPG;;;;0.00000000 ;;;;0.00000000 ;;-5216359.806 ;-2505507.184 ;-100;0.0 ;-90.0 ;-171.0;
DJI_0283.JPG;;;;0.00000000 ;;;;0.00000000 ;;-5216359.806 ;-2505507.184 ;-100;0.0 ;-90.0 ;-171.0;
DJI_0284.JPG;;;;0.00000000 ;;;;0.00000000 ;;-5216359.806 ;-2505507.184 ;-100;0.0 ;-90.0 ;-171.0;
DJI_0285.JPG;;;;0.00000000 ;;;;0.00000000 ;;-5216359.806 ;-2505507.184 ;-100;0.0 ;-90.0 ;-171.0;
DJI_0286.JPG;;;;0.00000000 ;;;;0.00000000 ;;-5216359.806 ;-2505507.184 ;-100;0.0 ;-90.0 ;-171.0;
DJI_0287.JPG;;;;0.00000000 ;;;;0.00000000 ;;-5216359.806 ;-2505507.184 ;-100;0.0 ;-90.0 ;-170.9;
DJI_0288.JPG;;;;0.00000000 ;;;;0.00000000 ;;-5216359.806 ;-2505507.184 ;-100;0.0 ;-90.0 ;-170.9;
DJI_0289.JPG;;;;0.00000000 ;;;;0.00000000 ;;-5216359.806 ;-2505507.184 ;-100;0.0 ;-90.0 ;-170.8;
DJI_0290.JPG;;;;0.00000000 ;;;;0.00000000 ;;-5216359.806 ;-2505507.184 ;-100;0.0 ;-90.0 ;-171.0;
DJI_0291.JPG;;;;0.00000000 ;;;;0.00000000 ;;-5216359.806 ;-2505507.184 ;-100;0.0 ;-90.0 ;-171.1;
DJI_0292.JPG;;;;0.00000000 ;;;;0.00000000 ;;-5216359.806 ;-2505507.184 ;-100;0.0 ;-90.0 ;-171.1;
DJI_0293.JPG;;;;0.00000000 ;;;;0.00000000 ;;-5216359.806 ;-2505507.184 ;-100;0.0 ;-90.0 ;-171.1;
DJI_0294.JPG;;;;0.00000000 ;;;;0.00000000 ;;-5216359.806 ;-2505507.184 ;-100;0.0 ;-90.0 ;-171.4;
DJI_0295.JPG;;;;0.00000000 ;;;;0.00000000 ;;-5216359.806 ;-2505507.184 ;-100;0.0 ;-90.0 ;-171.1;
DJI_0296.JPG;;;;0.00000000 ;;;;0.00000000 ;;-5216359.806 ;-2505507.184 ;-100;0.0 ;-90.0 ;-171.2;
DJI_0297.JPG;;;;0.00000000 ;;;;0.00000000 ;;-5216359.806 ;-2505507.184 ;-100;0.0 ;-90.0 ;-171.1;
DJI_0298.JPG;;;;0.00000000 ;;;;0.00000000 ;;-5216359.806 ;-2505507.184 ;-100;0.0 ;-90.0 ;-171.1;
DJI_0299.JPG;;;;0.00000000 ;;;;0.00000000 ;;-5216359.806 ;-2505507.184 ;-100;0.0 ;-90.0 ;-171.1;
DJI_0300.JPG;;;;0.00000000 ;;;;0.00000000 ;;-5216359.806 ;-2505507.184 ;-100;0.0 ;-90.0 ;-171.0;
DJI_0301.JPG;;;;0.00000000 ;;;;0.00000000 ;;-5216359.806 ;-2505507.184 ;-100;0.0 ;-90.0 ;-171.0;
DJI_0302.JPG;;;;0.00000000 ;;;;0.00000000 ;;-5216359.806 ;-2505507.184 ;-100;0.0 ;-90.0 ;-171.1;
DJI_0303.JPG;;;;0.00000000 ;;;;0.00000000 ;;-5216359.806 ;-2505507.184 ;-100;0.0 ;-90.0 ;-171.1;
DJI_0304.JPG;;;;0.00000000 ;;;;0.00000000 ;;-5216359.806 ;-2505507.184 ;-100;0.0 ;-90.0 ;-171.1;
DJI_0305.JPG;;;;0.00000000 ;;;;0.00000000 ;;-5216359.806 ;-2505507.184 ;-100;0.0 ;-90.0 ;-171.1;
DJI_0306.JPG;;;;0.00000000 ;;;;0.00000000 ;;-5216359.806 ;-2505507.184 ;-100;0.0 ;-90.0 ;-171.0;
DJI_0307.JPG;;;;0.00000000 ;;;;0.00000000 ;;-5216359.806 ;-2505507.184 ;-100;0.0 ;-90.0 ;-171.0;
DJI_0308.JPG;;;;0.00000000 ;;;;0.00000000 ;;-5216359.806 ;-2505507.184 ;-100;0.0 ;-90.0 ;-170.9;
DJI_0309.JPG;;;;0.00000000 ;;;;0.00000000 ;;-5216359.806 ;-2505507.184 ;-100;0.0 ;-90.0 ;-170.9;
DJI_0310.JPG;;;;0.00000000 ;;;;0.00000000 ;;-5216359.806 ;-2505507.184 ;-100;0.0 ;-90.0 ;-170.9;
DJI_0311.JPG;;;;0.00000000 ;;;;0.00000000 ;;-5216359.806 ;-2505507.184 ;-100;0.0 ;-90.0 ;-170.9;
DJI_0312.JPG;;;;0.00000000 ;;;;0.00000000 ;;-5216359.806 ;-2505507.184 ;-100;0.0 ;-90.0 ;-170.9;
DJI_0313.JPG;;;;0.00000000 ;;;;0.00000000 ;;-5216359.806 ;-2505507.184 ;-100;0.0 ;-90.0 ;-170.8;
DJI_0314.JPG;;;;0.00000000 ;;;;0.00000000 ;;-5216359.806 ;-2505507.184 ;-100;0.0 ;-90.0 ;-170.8;
DJI_0315.JPG;;;;0.00000000 ;;;;0.00000000 ;;-5216359.806 ;-2505507.184 ;-100;0.0 ;-90.0 ;-170.8;
DJI_0316.JPG;;;;0.00000000 ;;;;0.00000000 ;;-5216359.806 ;-2505507.184 ;-100;0.0 ;-90.0 ;-170.8;
DJI_0317.JPG;;;;0.00000000 ;;;;0.00000000 ;;-5216359.806 ;-2505507.184 ;-100;0.0 ;-90.0 ;-171.5;
DJI_0318.JPG;;;;0.00000000 ;;;;0.00000000 ;;-5216359.806 ;-2505507.184 ;-100;0.0 ;-90.0 ;-171.2;
DJI_0319.JPG;;;;0.00000000 ;;;;0.00000000 ;;-5216359.806 ;-2505507.184 ;-100;0.0 ;-90.0 ;-171.3;
DJI_0320.JPG;;;;0.00000000 ;;;;0.00000000 ;;-5216359.806 ;-2505507.184 ;-100;0.0 ;-90.0 ;-170.6;
DJI_0321.JPG;;;;0.00000000 ;;;;0.00000000 ;;-5216359.806 ;-2505507.184 ;-100;0.0 ;-90.0 ;-170.9;
DJI_0322.JPG;;;;0.00000000 ;;;;0.00000000 ;;-5216359.806 ;-2505507.184 ;-100;0.0 ;-90.0 ;-171.1;
DJI_0323.JPG;;;;0.00000000 ;;;;0.00000000 ;;-5216359.806 ;-2505507.184 ;-100;0.0 ;-90.0 ;-171.0;
DJI_0324.JPG;;;;0.00000000 ;;;;0.00000000 ;;-5216359.806 ;-2505507.184 ;-100;0.0 ;-90.0 ;-171.0;
DJI_0325.JPG;;;;0.00000000 ;;;;0.00000000 ;;-5216359.806 ;-2505507.184 ;-100;0.0 ;-90.0 ;-171.0;
DJI_0326.JPG;;;;0.00000000 ;;;;0.00000000 ;;-5216359.806 ;-2505507.184 ;-100;0.0 ;-90.0 ;-171.0;
DJI_0327.JPG;;;;0.00000000 ;;;;0.00000000 ;;-5216359.806 ;-2505507.184 ;-100;0.0 ;-90.0 ;-170.9;
DJI_0328.JPG;;;;0.00000000 ;;;;0.00000000 ;;-5216359.806 ;-2505507.184 ;-100;0.0 ;-90.0 ;-170.9;
DJI_0329.JPG;;;;0.00000000 ;;;;0.00000000 ;;-5216359.806 ;-2505507.184 ;-100;0.0 ;-90.0 ;-170.8;
DJI_0330.JPG;;;;0.00000000 ;;;;0.00000000 ;;-5216359.806 ;-2505507.184 ;-100;0.0 ;-90.0 ;-170.9;
DJI_0331.JPG;;;;0.00000000 ;;;;0.00000000 ;;-5216359.806 ;-2505507.184 ;-100;0.0 ;-90.0 ;-170.9;
DJI_0332.JPG;;;;0.00000000 ;;;;0.00000000 ;;-5216359.806 ;-2505507.184 ;-100;0.0 ;-90.0 ;-170.9;
DJI_0333.JPG;;;;0.00000000 ;;;;0.00000000 ;;-5216359.806 ;-2505507.184 ;-100;0.0 ;-90.0 ;-170.8;
DJI_0334.JPG;;;;0.00000000 ;;;;0.00000000 ;;-5216359.806 ;-2505507.184 ;-100;0.0 ;-90.0 ;-170.8;
DJI_0335.JPG;;;;0.00000000 ;;;;0.00000000 ;;-5216359.806 ;-2505507.184 ;-100;0.0 ;-90.0 ;-170.7;
DJI_0336.JPG;;;;0.00000000 ;;;;0.00000000 ;;-5216359.806 ;-2505507.184 ;-100;0.0 ;-90.0 ;-170.6;
DJI_0337.JPG;;;;0.00000000 ;;;;0.00000000 ;;-5216359.806 ;-2505507.184 ;-100;0.0 ;-90.0 ;-170.7;
DJI_0338.JPG;;;;0.00000000 ;;;;0.00000000 ;;-5216359.806 ;-2505507.184 ;-100;0.0 ;-90.0 ;-170.5;
DJI_0339.JPG;;;;0.00000000 ;;;;0.00000000 ;;-5216359.806 ;-2505507.184 ;-100;0.0 ;-90.0 ;-170.6;
DJI_0340.JPG;;;;0.00000000 ;;;;0.00000000 ;;-5216359.806 ;-2505507.184 ;-100;0.0 ;-90.0 ;-170.7;
DJI_0341.JPG;;;;0.00000000 ;;;;0.00000000 ;;-5216359.806 ;-2505507.184 ;-100;0.0 ;-90.0 ;-170.8;
DJI_0342.JPG;;;;0.00000000 ;;;;0.00000000 ;;-5216359.806 ;-2505507.184 ;-100;0.0 ;-90.0 ;-170.8;
DJI_0343.JPG;;;;0.00000000 ;;;;0.00000000 ;;-5216359.806 ;-2505507.184 ;-100;0.0 ;-90.0 ;-170.9;
DJI_0344.JPG;;;;0.00000000 ;;;;0.00000000 ;;-5216359.806 ;-2505507.184 ;-100;0.0 ;-90.0 ;-171.0;
DJI_0345.JPG;;;;0.00000000 ;;;;0.00000000 ;;-5216359.806 ;-2505507.184 ;-100;0.0 ;-90.0 ;-171.2;
DJI_0346.JPG;;;;0.00000000 ;;;;0.00000000 ;;-5216359.806 ;-2505507.184 ;-100;0.0 ;-90.0 ;-171.1;
DJI_0347.JPG;;;;0.00000000 ;;;;0.00000000 ;;-5216359.806 ;-2505507.184 ;-100;0.0 ;-90.0 ;-171.0;
DJI_0348.JPG;;;;0.00000000 ;;;;0.00000000 ;;-5216359.806 ;-2505507.184 ;-100;0.0 ;-90.0 ;-171.4;
DJI_0349.JPG;;;;0.00000000 ;;;;0.00000000 ;;-5216359.806 ;-2505507.184 ;-100;0.0 ;-90.0 ;-171.2;
DJI_0350.JPG;;;;0.00000000 ;;;;0.00000000 ;;-5216359.806 ;-2505507.184 ;-100;0.0 ;-90.0 ;-171.2;
DJI_0351.JPG;;;;0.00000000 ;;;;0.00000000 ;;-5216359.806 ;-2505507.184 ;-100;0.0 ;-90.0 ;-171.1;
DJI_0352.JPG;;;;0.00000000 ;;;;0.00000000 ;;-5216359.806 ;-2505507.184 ;-100;0.0 ;-89.9 ;-171.1;
DJI_0353.JPG;;;;0.00000000 ;;;;0.00000000 ;;-5216359.806 ;-2505507.184 ;-100;0.0 ;-90.0 ;-171.1;
DJI_0354.JPG;;;;0.00000000 ;;;;0.00000000 ;;-5216359.806 ;-2505507.184 ;-100;0.0 ;-90.0 ;-171.1;
DJI_0355.JPG;;;;0.00000000 ;;;;0.00000000 ;;-5216359.806 ;-2505507.184 ;-100;0.0 ;-90.0 ;-171.1;
DJI_0356.JPG;;;;0.00000000 ;;;;0.00000000 ;;-5216359.806 ;-2505507.184 ;-100;0.0 ;-90.0 ;-171.1;
DJI_0357.JPG;;;;0.00000000 ;;;;0.00000000 ;;-5216359.806 ;-2505507.184 ;-100;0.0 ;-90.0 ;-171.2;
DJI_0358.JPG;;;;0.00000000 ;;;;0.00000000 ;;-5216359.806 ;-2505507.184 ;-100;0.0 ;-90.0 ;-171.1;
DJI_0359.JPG;;;;0.00000000 ;;;;0.00000000 ;;-5216359.806 ;-2505507.184 ;-100;0.0 ;-90.0 ;-171.2;
DJI_0360.JPG;;;;0.00000000 ;;;;0.00000000 ;;-5216359.806 ;-2505507.184 ;-100;0.0 ;-90.0 ;-171.2;
DJI_0361.JPG;;;;0.00000000 ;;;;0.00000000 ;;-5216359.806 ;-2505507.184 ;-100;0.0 ;-90.0 ;-171.2;
DJI_0362.JPG;;;;0.00000000 ;;;;0.00000000 ;;-5216359.806 ;-2505507.184 ;-100;0.0 ;-90.0 ;-171.3;
DJI_0363.JPG;;;;0.00000000 ;;;;0.00000000 ;;-5216359.806 ;-2505507.184 ;-100;0.0 ;-90.0 ;-171.1;
DJI_0364.JPG;;;;0.00000000 ;;;;0.00000000 ;;-5216359.806 ;-2505507.184 ;-100;0.0 ;-89.9 ;-171.1;
DJI_0365.JPG;;;;0.00000000 ;;;;0.00000000 ;;-5216359.806 ;-2505507.184 ;-100;0.0 ;-90.0 ;-170.8;
DJI_0366.JPG;;;;0.00000000 ;;;;0.00000000 ;;-5216359.806 ;-2505507.184 ;-100;0.0 ;-90.0 ;-170.8;
DJI_0367.JPG;;;;0.00000000 ;;;;0.00000000 ;;-5216359.806 ;-2505507.184 ;-100;0.0 ;-90.0 ;-170.8;
DJI_0368.JPG;;;;0.00000000 ;;;;0.00000000 ;;-5216359.806 ;-2505507.184 ;-100;0.0 ;-90.0 ;-170.8;
DJI_0369.JPG;;;;0.00000000 ;;;;0.00000000 ;;-5216359.806 ;-2505507.184 ;-100;0.0 ;-89.9 ;-170.8;
DJI_0370.JPG;;;;0.00000000 ;;;;0.00000000 ;;-5216359.806 ;-2505507.184 ;-100;0.0 ;-90.0 ;-171.1;
DJI_0371.JPG;;;;0.00000000 ;;;;0.00000000 ;;-5216359.806 ;-2505507.184 ;-100;0.0 ;-90.0 ;-171.0;
DJI_0372.JPG;;;;0.00000000 ;;;;0.00000000 ;;-5216359.806 ;-2505507.184 ;-100;0.0 ;-90.0 ;-171.3;
DJI_0373.JPG;;;;0.00000000 ;;;;0.00000000 ;;-5216359.806 ;-2505507.184 ;-100;0.0 ;-90.0 ;-170.8;
DJI_0374.JPG;;;;0.00000000 ;;;;0.00000000 ;;-5216359.806 ;-2505507.184 ;-100;0.0 ;-90.0 ;-170.7;
DJI_0375.JPG;;;;0.00000000 ;;;;0.00000000 ;;-5216359.806 ;-2505507.184 ;-100;0.0 ;-90.0 ;-171.4;
DJI_0376.JPG;;;;0.00000000 ;;;;0.00000000 ;;-5216359.806 ;-2505507.184 ;-100;0.0 ;-90.0 ;-171.4;
DJI_0377.JPG;;;;0.00000000 ;;;;0.00000000 ;;-5216359.806 ;-2505507.184 ;-100;0.0 ;-90.0 ;-171.2;
DJI_0378.JPG;;;;0.00000000 ;;;;0.00000000 ;;-5216359.806 ;-2505507.184 ;-100;0.0 ;-90.0 ;-171.2;
DJI_0379.JPG;;;;0.00000000 ;;;;0.00000000 ;;-5216359.806 ;-2505507.184 ;-100;0.0 ;-90.0 ;-171.1;
DJI_0380.JPG;;;;0.00000000 ;;;;0.00000000 ;;-5216359.806 ;-2505507.184 ;-100;0.0 ;-90.0 ;-171.0;
DJI_0381.JPG;;;;0.00000000 ;;;;0.00000000 ;;-5216359.806 ;-2505507.184 ;-100;0.0 ;-90.0 ;-170.9;
DJI_0382.JPG;;;;0.00000000 ;;;;0.00000000 ;;-5216359.806 ;-2505507.184 ;-100;0.0 ;-90.0 ;-171.0;
DJI_0383.JPG;;;;0.00000000 ;;;;0.00000000 ;;-5216359.806 ;-2505507.184 ;-100;0.0 ;-90.0 ;-170.9;
DJI_0384.JPG;;;;0.00000000 ;;;;0.00000000 ;;-5216359.806 ;-2505507.184 ;-100;0.0 ;-90.0 ;-170.9;
DJI_0385.JPG;;;;0.00000000 ;;;;0.00000000 ;;-5216359.806 ;-2505507.184 ;-100;0.0 ;-90.0 ;-170.9;
DJI_0386.JPG;;;;0.00000000 ;;;;0.00000000 ;;-5216359.806 ;-2505507.184 ;-100;0.0 ;-90.0 ;-170.9;
DJI_0387.JPG;;;;0.00000000 ;;;;0.00000000 ;;-5216359.806 ;-2505507.184 ;-100;0.0 ;-90.0 ;-170.8;
DJI_0388.JPG;;;;0.00000000 ;;;;0.00000000 ;;-5216359.806 ;-2505507.184 ;-100;0.0 ;-90.0 ;-170.8;
DJI_0389.JPG;;;;0.00000000 ;;;;0.00000000 ;;-5216359.806 ;-2505507.184 ;-100;0.0 ;-90.0 ;-170.8;
DJI_0390.JPG;;;;0.00000000 ;;;;0.00000000 ;;-5216359.806 ;-2505507.184 ;-100;0.0 ;-90.0 ;-170.9;
DJI_0391.JPG;;;;0.00000000 ;;;;0.00000000 ;;-5216359.806 ;-2505507.184 ;-100;0.0 ;-90.0 ;-170.9;
DJI_0392.JPG;;;;0.00000000 ;;;;0.00000000 ;;-5216359.806 ;-2505507.184 ;-100;0.0 ;-90.0 ;-170.8;
DJI_0393.JPG;;;;0.00000000 ;;;;0.00000000 ;;-5216359.806 ;-2505507.184 ;-100;0.0 ;-90.0 ;-170.9;
DJI_0394.JPG;;;;0.00000000 ;;;;0.00000000 ;;-5216359.806 ;-2505507.184 ;-100;0.0 ;-90.0 ;-170.9;
DJI_0395.JPG;;;;0.00000000 ;;;;0.00000000 ;;-5216359.806 ;-2505507.184 ;-100;0.0 ;-90.0 ;-170.8;
DJI_0396.JPG;;;;0.00000000 ;;;;0.00000000 ;;-5216359.806 ;-2505507.184 ;-100;0.0 ;-90.0 ;-170.8;
DJI_0397.JPG;;;;0.00000000 ;;;;0.00000000 ;;-5216359.806 ;-2505507.184 ;-100;0.0 ;-90.0 ;-171.2;
DJI_0398.JPG;;;;0.00000000 ;;;;0.00000000 ;;-5216359.806 ;-2505507.184 ;-100;0.0 ;-90.0 ;-170.9;
DJI_0399.JPG;;;;0.00000000 ;;;;0.00000000 ;;-5216359.806 ;-2505507.184 ;-100;0.0 ;-90.0 ;-170.9;
DJI_0400.JPG;;;;0.00000000 ;;;;0.00000000 ;;-5216359.806 ;-2505507.184 ;-100;0.0 ;-90.0 ;-171.0;
DJI_0401.JPG;;;;0.00000000 ;;;;0.00000000 ;;-5216359.806 ;-2505507.184 ;-100;0.0 ;-90.0 ;-171.5;
DJI_0402.JPG;;;;0.00000000 ;;;;0.00000000 ;;-5216359.806 ;-2505507.184 ;-100;0.0 ;-90.0 ;-171.4;
DJI_0403.JPG;;;;0.00000000 ;;;;0.00000000 ;;-5216359.806 ;-2505507.184 ;-100;0.0 ;-90.0 ;-171.3;
DJI_0404.JPG;;;;0.00000000 ;;;;0.00000000 ;;-5216359.806 ;-2505507.184 ;-100;0.0 ;-90.0 ;-171.3;
DJI_0405.JPG;;;;0.00000000 ;;;;0.00000000 ;;-5216359.806 ;-2505507.184 ;-100;0.0 ;-90.0 ;-171.3;
DJI_0406.JPG;;;;0.00000000 ;;;;0.00000000 ;;-5216359.806 ;-2505507.184 ;-100;0.0 ;-90.0 ;-171.2;
DJI_0407.JPG;;;;0.00000000 ;;;;0.00000000 ;;-5216359.806 ;-2505507.184 ;-100;0.0 ;-90.0 ;-171.2;
DJI_0408.JPG;;;;0.00000000 ;;;;0.00000000 ;;-5216359.806 ;-2505507.184 ;-100;0.0 ;-90.0 ;-171.2;
DJI_0409.JPG;;;;0.00000000 ;;;;0.00000000 ;;-5216359.806 ;-2505507.184 ;-100;0.0 ;-89.9 ;-171.2;
DJI_0410.JPG;;;;0.00000000 ;;;;0.00000000 ;;-5216359.806 ;-2505507.184 ;-100;0.0 ;-90.0 ;-171.2;
DJI_0411.JPG;;;;0.00000000 ;;;;0.00000000 ;;-5216359.806 ;-2505507.184 ;-100;0.0 ;-90.0 ;-171.2;
DJI_0412.JPG;;;;0.00000000 ;;;;0.00000000 ;;-5216359.806 ;-2505507.184 ;-100;0.0 ;-90.0 ;-170.9;
DJI_0413.JPG;;;;0.00000000 ;;;;0.00000000 ;;-5216359.806 ;-2505507.184 ;-100;0.0 ;-90.0 ;-170.9;
DJI_0414.JPG;;;;0.00000000 ;;;;0.00000000 ;;-5216359.806 ;-2505507.184 ;-100;0.0 ;-90.0 ;-170.8;
DJI_0415.JPG;;;;0.00000000 ;;;;0.00000000 ;;-5216359.806 ;-2505507.184 ;-100;0.0 ;-90.0 ;-170.8;
DJI_0416.JPG;;;;0.00000000 ;;;;0.00000000 ;;-5216359.806 ;-2505507.184 ;-100;0.0 ;-90.0 ;-170.9;
DJI_0417.JPG;;;;0.00000000 ;;;;0.00000000 ;;-5216359.806 ;-2505507.184 ;-100;0.0 ;-90.0 ;-170.8;
DJI_0418.JPG;;;;0.00000000 ;;;;0.00000000 ;;-5216359.806 ;-2505507.184 ;-100;0.0 ;-90.0 ;-170.8;
DJI_0419.JPG;;;;0.00000000 ;;;;0.00000000 ;;-5216359.806 ;-2505507.184 ;-100;0.0 ;-90.0 ;-170.9;
DJI_0420.JPG;;;;0.00000000 ;;;;0.00000000 ;;-5216359.806 ;-2505507.184 ;-100;0.0 ;-90.0 ;-170.9;
DJI_0421.JPG;;;;0.00000000 ;;;;0.00000000 ;;-5216359.806 ;-2505507.184 ;-100;0.0 ;-90.0 ;-170.9;
DJI_0422.JPG;;;;0.00000000 ;;;;0.00000000 ;;-5216359.806 ;-2505507.184 ;-100;0.0 ;-90.0 ;-170.9;
DJI_0423.JPG;;;;0.00000000 ;;;;0.00000000 ;;-5216359.806 ;-2505507.184 ;-100;0.0 ;-89.9 ;-170.9;
DJI_0424.JPG;;;;0.00000000 ;;;;0.00000000 ;;-5216359.806 ;-2505507.184 ;-100;0.0 ;-90.0 ;-171.2;
DJI_0425.JPG;;;;0.00000000 ;;;;0.00000000 ;;-5216359.806 ;-2505507.184 ;-100;0.0 ;-90.0 ;-170.8;
DJI_0426.JPG;;;;0.00000000 ;;;;0.00000000 ;;-5216359.806 ;-2505507.184 ;-100;0.0 ;-90.0 ;-171.0;
DJI_0427.JPG;;;;0.00000000 ;;;;0.00000000 ;;-5216359.806 ;-2505507.184 ;-100;0.0 ;-89.9 ;-169.7;
DJI_0428.JPG;;;;0.00000000 ;;;;0.00000000 ;;-5216359.806 ;-2505507.184 ;-100;0.0 ;-90.0 ;-171.1;
DJI_0429.JPG;;;;0.00000000 ;;;;0.00000000 ;;-5216359.806 ;-2505507.184 ;-100;0.0 ;-90.0 ;-171.2;
DJI_0430.JPG;;;;0.00000000 ;;;;0.00000000 ;;-5216359.806 ;-2505507.184 ;-100;0.0 ;-89.9 ;-171.0;
DJI_0431.JPG;;;;0.00000000 ;;;;0.00000000 ;;-5216359.806 ;-2505507.184 ;-100;0.0 ;-90.0 ;-171.0;
DJI_0432.JPG;;;;0.00000000 ;;;;0.00000000 ;;-5216359.806 ;-2505507.184 ;-100;0.0 ;-90.0 ;-170.8;
DJI_0433.JPG;;;;0.00000000 ;;;;0.00000000 ;;-5216359.806 ;-2505507.184 ;-100;0.0 ;-90.0 ;-170.9;
DJI_0434.JPG;;;;0.00000000 ;;;;0.00000000 ;;-5216359.806 ;-2505507.184 ;-100;0.0 ;-90.0 ;-170.9;
DJI_0435.JPG;;;;0.00000000 ;;;;0.00000000 ;;-5216359.806 ;-2505507.184 ;-100;0.0 ;-89.9 ;-171.0;
DJI_0436.JPG;;;;0.00000000 ;;;;0.00000000 ;;-5216359.806 ;-2505507.184 ;-100;0.0 ;-90.0 ;-171.0;
DJI_0437.JPG;;;;0.00000000 ;;;;0.00000000 ;;-5216359.806 ;-2505507.184 ;-100;0.0 ;-90.0 ;-171.0;
DJI_0438.JPG;;;;0.00000000 ;;;;0.00000000 ;;-5216359.806 ;-2505507.184 ;-100;0.0 ;-90.0 ;-171.0;
DJI_0439.JPG;;;;0.00000000 ;;;;0.00000000 ;;-5216359.806 ;-2505507.184 ;-100;0.0 ;-90.0 ;-171.0;
DJI_0440.JPG;;;;0.00000000 ;;;;0.00000000 ;;-5216359.806 ;-2505507.184 ;-100;0.0 ;-90.0 ;-171.0;
DJI_0441.JPG;;;;0.00000000 ;;;;0.00000000 ;;-5216359.806 ;-2505507.184 ;-100;0.0 ;-90.0 ;-170.9;
DJI_0442.JPG;;;;0.00000000 ;;;;0.00000000 ;;-5216359.806 ;-2505507.184 ;-100;0.0 ;-90.0 ;-170.9;
DJI_0443.JPG;;;;0.00000000 ;;;;0.00000000 ;;-5216359.806 ;-2505507.184 ;-100;0.0 ;-90.0 ;-170.9;
DJI_0444.JPG;;;;0.00000000 ;;;;0.00000000 ;;-5216359.806 ;-2505507.184 ;-100;0.0 ;-90.0 ;-170.9;
DJI_0445.JPG;;;;0.00000000 ;;;;0.00000000 ;;-5216359.806 ;-2505507.184 ;-100;0.0 ;-90.0 ;-170.7;
DJI_0446.JPG;;;;0.00000000 ;;;;0.00000000 ;;-5216359.806 ;-2505507.184 ;-100;0.0 ;-90.0 ;-170.7;
DJI_0447.JPG;;;;0.00000000 ;;;;0.00000000 ;;-5216359.806 ;-2505507.184 ;-100;0.0 ;-90.0 ;-170.7;
DJI_0448.JPG;;;;0.00000000 ;;;;0.00000000 ;;-5216359.806 ;-2505507.184 ;-100;0.0 ;-90.0 ;-170.7;
DJI_0449.JPG;;;;0.00000000 ;;;;0.00000000 ;;-5216359.806 ;-2505507.184 ;-100;0.0 ;-90.0 ;-170.6;
DJI_0450.JPG;;;;0.00000000 ;;;;0.00000000 ;;-5216359.806 ;-2505507.184 ;-100;0.0 ;-90.0 ;-170.6;
DJI_0451.JPG;;;;0.00000000 ;;;;0.00000000 ;;-5216359.806 ;-2505507.184 ;-100;0.0 ;-90.0 ;-171.2;
DJI_0452.JPG;;;;0.00000000 ;;;;0.00000000 ;;-5216359.806 ;-2505507.184 ;-100;0.0 ;-90.0 ;-171.3;
DJI_0453.JPG;;;;0.00000000 ;;;;0.00000000 ;;-5216359.806 ;-2505507.184 ;-100;0.0 ;-90.0 ;-171.2;
DJI_0454.JPG;;;;0.00000000 ;;;;0.00000000 ;;-5216359.806 ;-2505507.184 ;-100;0.0 ;-90.0 ;-171.1;
DJI_0455.JPG;;;;0.00000000 ;;;;0.00000000 ;;-5216359.806 ;-2505507.184 ;-100;0.0 ;-90.0 ;-171.6;
DJI_0456.JPG;;;;0.00000000 ;;;;0.00000000 ;;-5216359.806 ;-2505507.184 ;-100;0.0 ;-90.0 ;-171.3;
DJI_0457.JPG;;;;0.00000000 ;;;;0.00000000 ;;-5216359.806 ;-2505507.184 ;-100;0.0 ;-90.0 ;-171.3;
DJI_0458.JPG;;;;0.00000000 ;;;;0.00000000 ;;-5216359.806 ;-2505507.184 ;-100;0.0 ;-90.0 ;-171.3;
DJI_0459.JPG;;;;0.00000000 ;;;;0.00000000 ;;-5216359.806 ;-2505507.184 ;-100;0.0 ;-90.0 ;-171.3;
DJI_0460.JPG;;;;0.00000000 ;;;;0.00000000 ;;-5216359.806 ;-2505507.184 ;-100;0.0 ;-90.0 ;-171.2;
DJI_0461.JPG;;;;0.00000000 ;;;;0.00000000 ;;-5216359.806 ;-2505507.184 ;-100;0.0 ;-90.0 ;-171.3;
DJI_0462.JPG;;;;0.00000000 ;;;;0.00000000 ;;-5216359.806 ;-2505507.184 ;-100;0.0 ;-90.0 ;-171.3;
DJI_0463.JPG;;;;0.00000000 ;;;;0.00000000 ;;-5216359.806 ;-2505507.184 ;-100;0.0 ;-90.0 ;-171.2;
DJI_0464.JPG;;;;0.00000000 ;;;;0.00000000 ;;-5216359.806 ;-2505507.184 ;-100;0.0 ;-90.0 ;-171.1;
DJI_0465.JPG;;;;0.00000000 ;;;;0.00000000 ;;-5216359.806 ;-2505507.184 ;-100;0.0 ;-90.0 ;-171.0;
DJI_0466.JPG;;;;0.00000000 ;;;;0.00000000 ;;-5216359.806 ;-2505507.184 ;-100;0.0 ;-89.9 ;-171.0;
DJI_0467.JPG;;;;0.00000000 ;;;;0.00000000 ;;-5216359.806 ;-2505507.184 ;-100;0.0 ;-90.0 ;-171.0;
DJI_0468.JPG;;;;0.00000000 ;;;;0.00000000 ;;-5216359.806 ;-2505507.184 ;-100;0.0 ;-90.0 ;-170.9;
DJI_0469.JPG;;;;0.00000000 ;;;;0.00000000 ;;-5216359.806 ;-2505507.184 ;-100;0.0 ;-90.0 ;-171.0;
DJI_0470.JPG;;;;0.00000000 ;;;;0.00000000 ;;-5216359.806 ;-2505507.184 ;-100;0.0 ;-90.0 ;-171.0;
DJI_0471.JPG;;;;0.00000000 ;;;;0.00000000 ;;-5216359.806 ;-2505507.184 ;-100;0.0 ;-90.0 ;-171.0;
DJI_0472.JPG;;;;0.00000000 ;;;;0.00000000 ;;-5216359.806 ;-2505507.184 ;-100;0.0 ;-90.0 ;-171.2;
DJI_0473.JPG;;;;0.00000000 ;;;;0.00000000 ;;-5216359.806 ;-2505507.184 ;-100;0.0 ;-89.9 ;-171.1;
DJI_0474.JPG;;;;0.00000000 ;;;;0.00000000 ;;-5216359.806 ;-2505507.184 ;-100;0.0 ;-90.0 ;-170.9;
DJI_0475.JPG;;;;0.00000000 ;;;;0.00000000 ;;-5216359.806 ;-2505507.184 ;-100;0.0 ;-90.0 ;-170.8;
DJI_0476.JPG;;;;0.00000000 ;;;;0.00000000 ;;-5216359.806 ;-2505507.184 ;-100;0.0 ;-90.0 ;-170.9;
DJI_0477.JPG;;;;0.00000000 ;;;;0.00000000 ;;-5216359.806 ;-2505507.184 ;-100;0.0 ;-90.0 ;-170.8;
